200,"1,2,3,4,007"
3,A Sad Way
108,Above The Sky
4,Aerial
5,Air
6,Angelus I
201,Anubis
95,Astrofalcon
7,Bass Force
8,Behind The Horizon
202,Birdie
9,Bollywood vs. Hollywood
203,Book Of Love
204,Boom Digi Da
10,Brother
205,Bumble Bee
11,Call Of Wilderness
259,Can't Keep It A Secret
206,Chopstix
14,Collision
207,Come On Come On
208,Cowgirl
15,Crocodiles
17,Dance Electric
18,Davno Hotel Skazat
209,Dawn (Perpetual Mix)
19,Dependance
210,Destiny
211,Do It My Way
212,Don't Wanna Play Games
213,Dr. Doolittle
109,Dynamo
22,Earth
24,Elder God Shrine
255,Electric Universe
25,Emilie De Ravin
26,Epic City
215,Esperanza
214,Exotica
28,Fatal Surface
29,Fly By The Universe
31,Full House
32,Fuzzy Bell
216,Groovin' Motion
34,Happy Song
217,Hardcore Of The North
35,Here We Go
105,Hey Hey Hey
218,Holiday
37,Honeytrap
106,I Forget You
40,In The Hall Of The Mountain King
41,In The Night
42,Incurable II
251,Infection
101,Input Output
220,Jadestar
221,July ~Euromix~
222,Kagami
45,Katana Fighter
46,Keep Silent
47,Kleine
48,Kotiin
49,Kristina
50,Kuuletko
224,Ladybug
261,Land Of The Lost
51,Lapis
52,Life
223,Liquid Moon
53,Liquify
225,Living Without You
92,LMK's Music Box
93,Logical Spy
226,London Bridge
54,Love
250,Love Eternal
254,Medicine
56,Million Feelings
228,Monolith
57,Monstrum
229,Move It Groove It
99,My Girls
59,Ninja Lad
104,Not 4 You
60,Not For Sale
231,Oasis
107,Off On You
61,Orpheus &amp; Eurydice
62,Partie Deux
102,Party Hard
63,Party People
232,Partyman
64,Phantoms
65,Platitude
66,Quickdraw
233,Ra
67,Revelations
234,Robotix
68,Rock Robotic
69,Safety Net
71,Sauna J
72,See Through Deceptions
73,Server X
74,Shapes
75,Sharing
235,Shooting Star
236,Space Invaders
237,Spaceman
238,STOP!&Go
77,String Interference
78,Summer in Belize -2007-
258,Sunshine
80,Super Collider
82,Sweet Tornado
100,Teen Machine
239,Tell
240,The Dream
241,The Message
242,Tribal Style
85,Turhaa
243,Twilight
244,Utopia
86,Vae Victis
2,Ville Hester
245,Virtual Emotion
87,Waking up
88,Wave Rip
89,We Met Dat Night
94,Welcome To Funland
103,When You're Gone
249,Who
90,Wishing Well
252,With You
246,Xuxa
247,Y2Z
253,You Promised Me
248,Zodiac